total_companies,avg_roce,avg_roe
92,22.459230769230768,20.212444444444444
